{
    "presetFiles":["actions/03C/generate_antenna_png(3D-model-RCS).lua"],
    "fekoCommandConfig":{
        "className":"fekopanel.impl.DefaultFekoCommandImpl",
        "main":"generate_antenna_png(3D-model-RCS).lua",
        "args":{
            "fileName": "${FEKO_FILE_NAME}"
        }
    },
    "postRunnerConfig":{
        "className":"fekopanel.impl.OpenMultiFilePostRunnerImpl",
        "files": [
            {
                "label": "3D-RCS示意圖1",
                "name": "3D-RCS示意圖1.png"
            },
            {
                "label": "3D-RCS示意圖2",
                "name": "3D-RCS示意圖2.png"
            }
        ]
    }
}
