{
    "presetFiles":["build.xml", "manifest.mf"],
    "fekoCommandConfig":{
        "className":"fekopanel.impl.FakeFekoCommandImpl",
        "main":"test.lua",
        "args":[
            {
                "name": "arg1",
                "value": "value1"
            },
            {
                "name": "file",
                "value": "${FEKO_FILE_NAME}"
            }
        ]
    },
    "postRunnerConfig":{
        "className":"fekopanel.impl.OpenFilePostRunnerImpl",
        "fileName": "build.xml"
    }
}
